x, y, theta, stamp, 
3.7274736541803577e-07, -4.291723882943188e-07, 4.291653674306771e-06, 1770944517412439728, 
3.7274736541803577e-07, -4.291723882943188e-07, 4.2916468238446645e-06, 1770944517461475146, 
3.7274736541803577e-07, -4.291723882943188e-07, 4.291644083857415e-06, 1770944517511528043, 
3.7274736541803577e-07, -4.291723882943188e-07, 4.291642412500987e-06, 1770944517561063310, 
0.003941220697015524, 5.5648259149165824e-05, 0.002255800081248857, 1770944517671315248, 
0.015813982114195824, 0.0002615288249216974, 0.007863005475371672, 1770944517761570253, 
0.03676772117614746, 0.0006760298274457455, 0.01904687039864488, 1770944517861382718, 
0.06147873029112816, 0.0014640834415331483, 0.03542730321803975, 1770944517972842984, 
0.07884684950113297, 0.0025129038840532303, 0.043411632515209624, 1770944518052355149, 
0.10258591920137405, 0.0038579364772886038, 0.0592484931777677, 1770944518161470586, 
0.12460752576589584, 0.0056739202700555325, 0.08176217399601322, 1770944518261395783, 
0.14621137082576752, 0.007979171350598335, 0.11527580544496643, 1770944518361620899, 
0.1653631627559662, 0.010735686868429184, 0.14524440891335746, 1770944518452165677, 
0.18879717588424683, 0.014929505065083504, 0.18438170900784243, 1770944518561391409, 
0.2101864516735077, 0.01956818625330925, 0.22958852948271968, 1770944518661392352, 
0.2312057912349701, 0.02478867582976818, 0.27864434708719055, 1770944518761608403, 
0.2538299560546875, 0.03184795379638672, 0.32826775258607416, 1770944518871431843, 
0.2720416784286499, 0.03847420588135719, 0.36463887458426414, 1770944518961608182, 
0.2920810282230377, 0.04681912437081337, 0.4052513065128705, 1770944519061472000, 
0.31161487102508545, 0.05579277127981186, 0.4439625259671628, 1770944519161569121, 
0.33282470703125, 0.06668923050165176, 0.4821685477569531, 1770944519271066180, 
0.34958595037460327, 0.07599572837352753, 0.5159681542420052, 1770944519361413689, 
0.36828213930130005, 0.08735336363315582, 0.5541608881837796, 1770944519462473704, 
0.3864271342754364, 0.09946393966674805, 0.5860395136077424, 1770944519561698962, 
0.4027240574359894, 0.11090198159217834, 0.6094743273458388, 1770944519652908102, 
0.42182475328445435, 0.12534099817276, 0.6360087959432569, 1770944519762717272, 
0.43910905718803406, 0.13892225921154022, 0.6575127178241583, 1770944519863597100, 
0.4559544324874878, 0.15276223421096802, 0.6814288847288617, 1770944519961426148, 
0.4742272198200226, 0.16864532232284546, 0.705302080254478, 1770944520071260512, 
0.4886891841888428, 0.1814534217119217, 0.7207459144951087, 1770944520161411970, 
0.5047603249549866, 0.19603700935840607, 0.7399848782054222, 1770944520263404219, 
0.5220000743865967, 0.21261975169181824, 0.7603060149259446, 1770944520372793466, 
0.5374437570571899, 0.22783444821834564, 0.7771922958249751, 1770944520471254534, 
0.5511171221733093, 0.2419542670249939, 0.8012338752725328, 1770944520562594568, 
0.5658063888549805, 0.25805234909057617, 0.8212078596544365, 1770944520663403633, 
0.5804430246353149, 0.27419179677963257, 0.8363380690497966, 1770944520761557397, 
0.5958771109580994, 0.2924330532550812, 0.8614908803716457, 1770944520871358115, 
0.6080803871154785, 0.30763956904411316, 0.883589943230398, 1770944520961681620, 
0.6216232180595398, 0.3249744176864624, 0.9003989483952214, 1770944521063365608, 
0.635023295879364, 0.3420575261116028, 0.9110056813529509, 1770944521161516548, 
0.6468830704689026, 0.35789382457733154, 0.9218032761693592, 1770944521252213448, 
0.6610536575317383, 0.37702640891075134, 0.9342862636506974, 1770944521361423000, 
0.6739524006843567, 0.3947274684906006, 0.9390006189868415, 1770944521463404275, 
0.686644971370697, 0.41229838132858276, 0.9508131364040484, 1770944521561680120, 
0.7001854181289673, 0.4319579005241394, 0.9679982662258109, 1770944521671566415, 
0.7111474275588989, 0.4483145773410797, 0.9740635363488324, 1770944521762445851, 
0.72340989112854, 0.46655943989753723, 0.9804112424515604, 1770944521863584366, 
0.7351344227790833, 0.48454058170318604, 0.9887316082784601, 1770944521961632807, 
0.7483549118041992, 0.5049545764923096, 0.9982611035207339, 1770944522071867011, 
0.7585134506225586, 0.521509051322937, 1.0065336989535778, 1770944522161489779, 
0.7700978517532349, 0.5398432016372681, 1.009735623309243, 1770944522263606123, 
0.7815342545509338, 0.5580514073371887, 1.0140094305869674, 1770944522361759914, 
0.7942670583724976, 0.5786148905754089, 1.019955625493388, 1770944522471465361, 
0.8042594790458679, 0.5953077077865601, 1.0317439243263835, 1770944522561584191, 
0.8154835104942322, 0.6142765879631042, 1.0366691496432885, 1770944522663442845, 
0.8264959454536438, 0.6329920291900635, 1.0413643261248104, 1770944522761424185, 
0.8382568955421448, 0.6534172296524048, 1.0539060810838279, 1770944522870690976, 
0.84812992811203, 0.670996367931366, 1.0626799935892504, 1770944522962500102, 
0.8587496280670166, 0.6901339888572693, 1.0663553984752714, 1770944523064856424, 
0.8689143061637878, 0.7085636854171753, 1.0692339967542064, 1770944523160435610, 
0.8804405927658081, 0.729947566986084, 1.077018478832015, 1770944523270700036, 
0.8897868990898132, 0.7474504709243774, 1.0823759726869768, 1770944523362446659, 
0.8999907374382019, 0.7667680978775024, 1.0895422969013435, 1770944523464488299, 
0.9096522331237793, 0.7856868505477905, 1.0976645854264466, 1770944523560449065, 
0.9186883568763733, 0.8035485744476318, 1.1053240176477086, 1770944523652964139, 
0.9293556809425354, 0.8250742554664612, 1.1149441935103874, 1770944523762550730, 
0.9389672875404358, 0.844689130783081, 1.1164810436608354, 1770944523864613574, 
0.9493964314460754, 0.866229772567749, 1.1194423619804088, 1770944523972906856, 
0.9586196541786194, 0.885094165802002, 1.1189520402260078, 1770944524070222505, 
0.9673647880554199, 0.903228223323822, 1.1194716163821739, 1770944524163446990, 
0.9767013788223267, 0.9228392839431763, 1.1204069280651554, 1770944524264630523, 
0.9859185814857483, 0.9418202042579651, 1.123672851037965, 1770944524360500003, 
0.996256947517395, 0.9635237455368042, 1.1271980767488408, 1770944524470415883, 
1.004639744758606, 0.9815787076950073, 1.1291467248431293, 1770944524563629032, 
1.0137742757797241, 1.0011661052703857, 1.1341601992965753, 1770944524664477065, 
1.0227940082550049, 1.0204923152923584, 1.1389431719207683, 1770944524760085243, 
1.0332839488983154, 1.0428133010864258, 1.1447144146379582, 1770944524871452667, 
1.0415345430374146, 1.0609663724899292, 1.1476043671770677, 1770944524963609917, 
1.0503672361373901, 1.0810039043426514, 1.1485388539087944, 1770944525064462447, 
1.0591764450073242, 1.1003912687301636, 1.1500036552303958, 1770944525160583318, 
1.0689371824264526, 1.1225697994232178, 1.153584441873645, 1770944525270155332, 
1.0770386457443237, 1.1411552429199219, 1.155090319174949, 1770944525363472997, 
1.0857670307159424, 1.1611547470092773, 1.1568591562591068, 1770944525464580552, 
1.0955015420913696, 1.1830689907073975, 1.1570802105454214, 1770944525573839799, 
1.102527141571045, 1.1989986896514893, 1.1575740583391587, 1770944525653351173, 
1.1119705438613892, 1.2206789255142212, 1.1592783240634963, 1770944525763496548, 
1.1208930015563965, 1.2406328916549683, 1.1619757761315523, 1770944525864698264, 
1.129149317741394, 1.26028311252594, 1.164196890121805, 1770944525960737607, 
1.1372404098510742, 1.2786616086959839, 1.1640497613328864, 1770944526053854157, 
1.1468026638031006, 1.3006036281585693, 1.165833467378344, 1770944526162938008, 
1.1554105281829834, 1.3208578824996948, 1.166175100386685, 1770944526264645263, 
1.1640533208847046, 1.3407135009765625, 1.1684869002807805, 1770944526360968633, 
1.1733373403549194, 1.362511396408081, 1.1708178615409592, 1770944526470830958, 
1.1810400485992432, 1.3808592557907104, 1.173937999356618, 1770944526563591911, 
1.1895471811294556, 1.4009076356887817, 1.1777090604650886, 1770944526664479888, 
1.197882890701294, 1.4207690954208374, 1.1801877720619265, 1770944526761611231, 
1.2070014476776123, 1.4428439140319824, 1.184057985584816, 1770944526871113700, 
1.2144356966018677, 1.4616931676864624, 1.185893715280251, 1770944526963511987, 
1.2225021123886108, 1.481834888458252, 1.1889800939790307, 1770944527064556835, 
1.2302513122558594, 1.5016183853149414, 1.1923779869597777, 1770944527161462520, 
1.2376973628997803, 1.5202149152755737, 1.1932024163462882, 1770944527253166776, 
1.2464367151260376, 1.5426089763641357, 1.1950972846521477, 1770944527363554073, 
1.2545604705810547, 1.5631591081619263, 1.196128147265547, 1770944527464589682, 
1.262352705001831, 1.5828336477279663, 1.198245884484195, 1770944527560047515, 
1.269727110862732, 1.601931095123291, 1.2003115746213833, 1770944527653571774, 
1.2781404256820679, 1.6239755153656006, 1.202346583175681, 1770944527763176721, 
1.285880446434021, 1.6439838409423828, 1.2033661712225892, 1770944527864809286, 
1.2936348915100098, 1.6638565063476562, 1.2053829493002817, 1770944527961493107, 
1.300622582435608, 1.6825069189071655, 1.2065163880494276, 1770944528053751092, 
1.3093243837356567, 1.7052005529403687, 1.2087097708174173, 1770944528163556579, 
1.3171578645706177, 1.7253172397613525, 1.2094012738013993, 1770944528264482823, 
1.3244283199310303, 1.745033860206604, 1.210997583193558, 1770944528360220774, 
1.3330878019332886, 1.7679054737091064, 1.2141502362256311, 1770944528471396294, 
1.3403353691101074, 1.7864359617233276, 1.2143529732439777, 1770944528563509600, 
1.3477740287780762, 1.8070400953292847, 1.217127818514383, 1770944528664500784, 
1.355239987373352, 1.8267546892166138, 1.219888147662158, 1770944528760612996, 
1.3620938062667847, 1.8459264039993286, 1.2213509639496962, 1770944528852919074, 
1.3704071044921875, 1.8682841062545776, 1.2232057522148272, 1770944528963515791, 
1.3774582147598267, 1.8887364864349365, 1.224768660828401, 1770944529064512606, 
1.3849389553070068, 1.9091548919677734, 1.2273351583970364, 1770944529160676821, 
1.3930600881576538, 1.9316505193710327, 1.228567432344204, 1770944529271097004, 
1.3993936777114868, 1.9503134489059448, 1.229944693960735, 1770944529363653306, 
1.4066070318222046, 1.9710378646850586, 1.2310613467256735, 1770944529464513076, 
1.4137557744979858, 1.9907543659210205, 1.2315023514178287, 1770944529560642229, 
1.4221291542053223, 2.013803005218506, 1.2303891787542411, 1770944529670699856, 
1.4292935132980347, 2.0324885845184326, 1.1958220267357544, 1770944529763587723, 
1.4376555681228638, 2.052260160446167, 1.1775895664408835, 1770944529864600409, 
1.4459980726242065, 2.071281671524048, 1.1686287123834438, 1770944529961554587, 
1.4558634757995605, 2.09333872795105, 1.1526998517795444, 1770944530071829718, 
1.4641225337982178, 2.111367702484131, 1.1368303840098692, 1770944530163743664, 
1.4741870164871216, 2.1309328079223633, 1.113798811348891, 1770944530264711195, 
1.4839006662368774, 2.1495230197906494, 1.0912979688986204, 1770944530360524178, 
1.4955713748931885, 2.1708273887634277, 1.0669890929880674, 1770944530471490985, 
1.5056334733963013, 2.1878740787506104, 1.0481755643379216, 1770944530563689105, 
1.5166845321655273, 2.2063467502593994, 1.033255622536556, 1770944530664532596, 
1.5278713703155518, 2.224132537841797, 1.0209408194865097, 1770944530760751625, 
1.5407519340515137, 2.244119167327881, 1.005806302605674, 1770944530870080899, 
1.551880955696106, 2.2610790729522705, 0.9873620330723233, 1770944530963169101, 
1.564356803894043, 2.278740644454956, 0.9664948556925825, 1770944531064653485, 
1.576732873916626, 2.2960140705108643, 0.9492762457920038, 1770944531161169351, 
1.5887782573699951, 2.3116753101348877, 0.931461828267381, 1770944531253711131, 
1.6034088134765625, 2.3304853439331055, 0.9108008984247659, 1770944531363595905, 
1.6171358823776245, 2.3470401763916016, 0.8878663574378411, 1770944531464510540, 
1.6309067010879517, 2.363246440887451, 0.8702042274219466, 1770944531561030657, 
1.64424467086792, 2.378021240234375, 0.8555013769312667, 1770944531653339168, 
1.6601145267486572, 2.3957366943359375, 0.8367566706021122, 1770944531763758222, 
1.6751304864883423, 2.411628484725952, 0.8189821103809505, 1770944531864539367, 
1.6899820566177368, 2.4266910552978516, 0.8034368361049259, 1770944531961605364, 
1.7067734003067017, 2.443441390991211, 0.7840200897699002, 1770944532071341765, 
1.7201271057128906, 2.4562649726867676, 0.7708876761243765, 1770944532163035350, 
1.7354120016098022, 2.4704771041870117, 0.7611266561753606, 1770944532264888773, 
1.7512459754943848, 2.485015869140625, 0.7509298773828442, 1770944532361897173, 
1.7685136795043945, 2.5006301403045654, 0.7388192086162789, 1770944532470921914, 
1.7832903861999512, 2.5137643814086914, 0.7293294741480152, 1770944532563310664, 
1.7996686697006226, 2.5281295776367188, 0.7253664082865346, 1770944532664584099, 
1.8155426979064941, 2.541689872741699, 0.7204495538541138, 1770944532761675901, 
1.8307956457138062, 2.554905414581299, 0.7173221319815865, 1770944532853433028, 
1.849003553390503, 2.570491313934326, 0.7122595043314521, 1770944532963878979, 
1.8656840324401855, 2.585146903991699, 0.7074988941396662, 1770944533064764970, 
1.881951928138733, 2.5989134311676025, 0.7028799378483462, 1770944533161753904, 
1.9004149436950684, 2.6141772270202637, 0.6980021200031263, 1770944533271582799, 
1.9160363674163818, 2.627152919769287, 0.6884539579478143, 1770944533363682158, 
1.9330285787582397, 2.6405041217803955, 0.6786316615188475, 1770944533464574778, 
1.9495199918746948, 2.6536738872528076, 0.6733363591577659, 1770944533561668979, 
1.968573808670044, 2.6683621406555176, 0.6641647631114724, 1770944533671527224, 
1.984423279762268, 2.6800923347473145, 0.6523427983205102, 1770944533763634711, 
2.001711368560791, 2.6935184001922607, 0.648637354759147, 1770944533864587103, 
2.0188851356506348, 2.706226110458374, 0.6456391221351669, 1770944533961677805, 
2.0349438190460205, 2.7182776927948, 0.6449166036568943, 1770944534053474998, 
2.05422306060791, 2.732477903366089, 0.6381833130373858, 1770944534163539660, 
2.0714356899261475, 2.7451789379119873, 0.6334698531376867, 1770944534264563985, 
2.088773727416992, 2.7575294971466064, 0.625261820789024, 1770944534361720534, 
2.1052637100219727, 2.768883228302002, 0.6201297406525118, 1770944534453772322, 
2.1248109340667725, 2.782409191131592, 0.6141210312305175, 1770944534563698801, 
2.1426143646240234, 2.7945497035980225, 0.604222738411026, 1770944534664750303, 
2.1601004600524902, 2.805872678756714, 0.5945036924982037, 1770944534761563074, 
2.1800360679626465, 2.818960428237915, 0.5812782042401039, 1770944534870412438, 
2.1971893310546875, 2.8300435543060303, 0.5737492318336923, 1770944534963609384, 
2.215345859527588, 2.8411784172058105, 0.5678015014446866, 1770944535064618592, 
2.2333505153656006, 2.8525590896606445, 0.5624774978597111, 1770944535161911166, 
2.250304698944092, 2.8628499507904053, 0.557866840339852, 1770944535252310417, 
2.270563840866089, 2.875483751296997, 0.5543381592921575, 1770944535363776971, 
2.2890989780426025, 2.8867135047912598, 0.5481108571183291, 1770944535464789303, 
2.3068349361419678, 2.8973748683929443, 0.5419295499229937, 1770944535560569162, 
2.3279612064361572, 2.909802198410034, 0.5364892294311338, 1770944535671621902, 
2.345123529434204, 2.9195265769958496, 0.5306940316965125, 1770944535763593251, 
2.3637397289276123, 2.9301421642303467, 0.5205871321975315, 1770944535864752756, 
2.3825647830963135, 2.9406185150146484, 0.5101689204292639, 1770944535961829370, 
2.399808645248413, 2.949793577194214, 0.5016522323099281, 1770944536052627021, 
2.420616388320923, 2.9610116481781006, 0.4896257276241913, 1770944536162576853, 
2.4398245811462402, 2.970750331878662, 0.4794079797853397, 1770944536263657717, 
2.4591333866119385, 2.9803199768066406, 0.4712321083021847, 1770944536361163197, 
2.480653762817383, 2.990750789642334, 0.45839268561644075, 1770944536471085121, 
2.498469114303589, 2.9990062713623047, 0.45034823779988314, 1770944536562698487, 
2.517946243286133, 3.008035659790039, 0.437168496000292, 1770944536663611756, 
2.5397818088531494, 3.0177714824676514, 0.4284216973658084, 1770944536772540171, 
2.5590322017669678, 3.025810956954956, 0.4177352963803132, 1770944536871023052, 
2.5767974853515625, 3.0336241722106934, 0.4083266968650515, 1770944536962823908, 
2.5970351696014404, 3.041771650314331, 0.39763660345650326, 1770944537064591777, 
2.6169381141662598, 3.049837350845337, 0.3865374146902194, 1770944537161732884, 
2.639021635055542, 3.0584380626678467, 0.373412141609621, 1770944537270982063, 
2.657504081726074, 3.065103054046631, 0.3642118541100239, 1770944537362585053, 
2.6778228282928467, 3.0726571083068848, 0.3545888808684536, 1770944537463613661, 
2.700631856918335, 3.080451726913452, 0.3414749499849389, 1770944537572194743, 
2.716857433319092, 3.085832118988037, 0.33142488688299404, 1770944537652603348, 
2.739321708679199, 3.093137502670288, 0.31842220505312313, 1770944537762969052, 
2.760244369506836, 3.099320888519287, 0.3076900112255829, 1770944537863808984, 
2.7805488109588623, 3.1052746772766113, 0.2968919535377097, 1770944537960929374, 
2.8034284114837646, 3.1119842529296875, 0.28478510011157204, 1770944538071314481, 
2.8224315643310547, 3.117197036743164, 0.27588872830836025, 1770944538162515848, 
2.8432512283325195, 3.1228787899017334, 0.2644285511228523, 1770944538263650374, 
2.863664150238037, 3.1280219554901123, 0.2551706434199483, 1770944538360923468, 
2.886812686920166, 3.133737087249756, 0.24457114639455987, 1770944538471412916, 
2.906301498413086, 3.1383283138275146, 0.235582075030815, 1770944538562210572, 
2.927560329437256, 3.143005132675171, 0.2276338775431001, 1770944538663606745, 
2.948531150817871, 3.1475906372070312, 0.21887848518630496, 1770944538761586633, 
2.97100567817688, 3.152442216873169, 0.2104186757911995, 1770944538871838141, 
2.986905813217163, 3.1556098461151123, 0.20493422725077406, 1770944538951807329, 
3.0084714889526367, 3.159578561782837, 0.19315309352859608, 1770944539063602946, 
3.028311014175415, 3.1630747318267822, 0.18510893349311483, 1770944539161207205, 
3.0496273040771484, 3.166696786880493, 0.1761741661115381, 1770944539271206995, 
3.0666465759277344, 3.1694071292877197, 0.16637979016420837, 1770944539362768651, 
3.0840747356414795, 3.1720850467681885, 0.15781119819504585, 1770944539463766643, 
3.100996255874634, 3.174417734146118, 0.154333011474046, 1770944539561707945, 
3.120710611343384, 3.1773428916931152, 0.1481336966583194, 1770944539671314590, 
3.137054681777954, 3.1794216632843018, 0.1434635949980527, 1770944539761925099, 
3.153843879699707, 3.1814486980438232, 0.13542699890240034, 1770944539863875177, 
3.169978380203247, 3.1835010051727295, 0.1340607725072821, 1770944539961637545, 
3.1882429122924805, 3.1860830783843994, 0.13209733798406906, 1770944540071297429, 
3.2034547328948975, 3.187822103500366, 0.12876981046363326, 1770944540162679976, 
3.220053195953369, 3.1898365020751953, 0.12461699786597812, 1770944540263644043, 
3.2387421131134033, 3.192052125930786, 0.12164929796618525, 1770944540372588362, 
3.251695156097412, 3.1935691833496094, 0.118939669284174, 1770944540471388660, 
3.2541840076446533, 3.193744421005249, 0.11854149411364016, 1770944540562064855, 
3.265824317932129, 3.195070505142212, 0.11409621124196814, 1770944540663648932, 
3.2818405628204346, 3.196887254714966, 0.11069603409883269, 1770944540761178744, 
3.296165704727173, 3.1984493732452393, 0.10686537830924162, 1770944540871170879, 
3.3094704151153564, 3.199585437774658, 0.10482906421509076, 1770944540962639816, 
3.3263957500457764, 3.2012228965759277, 0.09890770925647366, 1770944541063632593, 
3.34200382232666, 3.2025980949401855, 0.09505676044296034, 1770944541161635317, 
3.3591527938842773, 3.2040772438049316, 0.08831444011561704, 1770944541271885234, 
3.370767116546631, 3.204876661300659, 0.085609538801908, 1770944541363720937, 
3.382861852645874, 3.205989360809326, 0.07984236873205297, 1770944541463645006, 
3.3963630199432373, 3.2069263458251953, 0.07604213979518992, 1770944541572572329, 
3.4075095653533936, 3.2078075408935547, 0.07463471199760421, 1770944541671765198, 
3.41793155670166, 3.2082929611206055, 0.07281535290413194, 1770944541763316150, 
3.429492950439453, 3.2090048789978027, 0.07167711069235645, 1770944541863790176, 
3.441035270690918, 3.2098913192749023, 0.07015143575458291, 1770944541961363011, 
3.4537267684936523, 3.210794687271118, 0.06884010964439538, 1770944542071895490, 
3.4642319679260254, 3.211421489715576, 0.06607324280010274, 1770944542163140352, 
3.4751663208007812, 3.212146520614624, 0.06355289408350923, 1770944542263671056, 
3.4864635467529297, 3.212890863418579, 0.06274608204914654, 1770944542372557443, 
3.4946842193603516, 3.213364601135254, 0.06274272955884742, 1770944542452493455, 
3.5048868656158447, 3.2140092849731445, 0.061122461418074654, 1770944542551824554, 
3.5159454345703125, 3.214663505554199, 0.060932428236678514, 1770944542663714122, 
3.5255422592163086, 3.2152931690216064, 0.06092097518062, 1770944542761768310, 
3.5362861156463623, 3.215691328048706, 0.059941294813792664, 1770944542871568448, 
3.5447895526885986, 3.2161340713500977, 0.058809062018200374, 1770944542963875275, 
3.553947687149048, 3.216472625732422, 0.05863575552253229, 1770944543063680233, 
3.5634284019470215, 3.2168784141540527, 0.05753159453800304, 1770944543161722612, 
3.5736782550811768, 3.217374324798584, 0.05564445270299168, 1770944543271454592, 
3.581878185272217, 3.2178757190704346, 0.054858869946938324, 1770944543363115137, 
3.590418577194214, 3.2183616161346436, 0.054792621300325556, 1770944543463671421, 
3.59971022605896, 3.218818426132202, 0.055366752870647656, 1770944543572276767, 
3.608527421951294, 3.219187021255493, 0.05471725930008788, 1770944543671211162, 
3.6165218353271484, 3.2197158336639404, 0.051774206096516055, 1770944543763262901, 
3.624100685119629, 3.220240831375122, 0.05420301696797963, 1770944543863683917, 
3.6315555572509766, 3.2203781604766846, 0.05169671172660568, 1770944543961033652, 
3.6405580043792725, 3.2208938598632812, 0.051844023314826404, 1770944544071749197, 
3.6479454040527344, 3.221463918685913, 0.05205786145976459, 1770944544163640787, 
3.6550612449645996, 3.22180438041687, 0.0509875893781529, 1770944544263688133, 
3.6622071266174316, 3.2221477031707764, 0.05143989329115026, 1770944544361814703, 
3.670288324356079, 3.2226641178131104, 0.05067309743508378, 1770944544471219726, 
3.6768200397491455, 3.222951889038086, 0.050626830052966386, 1770944544563139335, 
3.683640956878662, 3.2230825424194336, 0.05058751878671003, 1770944544663678807, 
3.690345287322998, 3.2236244678497314, 0.04939585162465314, 1770944544761807395, 
3.697810411453247, 3.223914384841919, 0.04889968248232592, 1770944544870926492, 
3.7041563987731934, 3.224146842956543, 0.050703639336819414, 1770944544963864006, 
3.7100744247436523, 3.224390745162964, 0.04807215559668898, 1770944545063689269, 
3.7163002490997314, 3.2247304916381836, 0.04762415092859149, 1770944545160934501, 
3.72326397895813, 3.224998950958252, 0.047164505773724365, 1770944545271738661, 
3.7290377616882324, 3.22512149810791, 0.046361490207460214, 1770944545363319420, 
3.734697103500366, 3.2253835201263428, 0.04653172692863603, 1770944545463758334, 
3.7403156757354736, 3.225576162338257, 0.04617553302037714, 1770944545561169861, 
3.746549367904663, 3.2258846759796143, 0.045447387393698156, 1770944545671855717, 
3.7517664432525635, 3.2260677814483643, 0.04537658021095373, 1770944545763155739, 
3.7574751377105713, 3.226393461227417, 0.0454833894008012, 1770944545863866900, 
3.762763023376465, 3.2266454696655273, 0.04536655721654294, 1770944545960990969, 
3.769110679626465, 3.226896047592163, 0.0438370549031733, 1770944546071384985, 
3.7738146781921387, 3.22731614112854, 0.04525256941484878, 1770944546163131171, 
3.7790637016296387, 3.2275540828704834, 0.04594398438681912, 1770944546263698723, 
3.784358501434326, 3.2277071475982666, 0.04466389835949571, 1770944546372150949, 
3.789216995239258, 3.2279179096221924, 0.043541910108202866, 1770944546471352218, 
3.7937209606170654, 3.2280423641204834, 0.04262491545705312, 1770944546563734112, 
3.798582077026367, 3.2283947467803955, 0.042575323591788575, 1770944546663714808, 
3.8032126426696777, 3.228543758392334, 0.04106466636688253, 1770944546761824821, 
3.808616876602173, 3.2288599014282227, 0.04061002243648825, 1770944546871341876, 
3.812626361846924, 3.2290124893188477, 0.04147404997434183, 1770944546963511993, 
3.816643714904785, 3.2291252613067627, 0.03937569172302845, 1770944547063809545, 
3.820681571960449, 3.2291829586029053, 0.03945910830478626, 1770944547160969843, 
3.8246617317199707, 3.229339122772217, 0.03882203536533115, 1770944547253776597, 
3.8293302059173584, 3.229581356048584, 0.038877117474176985, 1770944547363692812, 
3.833472490310669, 3.2296884059906006, 0.038009965368190846, 1770944547463725432, 
3.837775468826294, 3.2297611236572266, 0.03703408545455073, 1770944547561277797, 
3.841560125350952, 3.229971170425415, 0.039026097750616384, 1770944547671364679, 
3.844839572906494, 3.2300291061401367, 0.03904923280162633, 1770944547751023754, 
3.849602222442627, 3.2301816940307617, 0.03828509708493399, 1770944547863768336, 
3.8526079654693604, 3.230386734008789, 0.03717190351086877, 1770944547961787297, 
3.856480598449707, 3.2304186820983887, 0.03565481224917236, 1770944548071766487, 
3.860056161880493, 3.230525255203247, 0.03395726602961087, 1770944548163151030, 
3.863288164138794, 3.230746269226074, 0.0349350246371721, 1770944548263893838, 
3.8666772842407227, 3.2308402061462402, 0.0351119483135651, 1770944548361831618, 
3.870387077331543, 3.23087739944458, 0.0349476689597848, 1770944548471415733, 
3.8735191822052, 3.2310709953308105, 0.03508476054872068, 1770944548562936433, 
3.8765835762023926, 3.2312047481536865, 0.03450064970211454, 1770944548663712111, 
3.8797495365142822, 3.231194257736206, 0.0349047482345325, 1770944548760934670, 
3.8833208084106445, 3.2313339710235596, 0.034922635496408505, 1770944548871084053, 
3.8861379623413086, 3.2314963340759277, 0.03471212800999307, 1770944548962948364, 
3.889585256576538, 3.2315750122070312, 0.03487092872911444, 1770944549063735951, 
3.8925139904022217, 3.2316246032714844, 0.03427177545908436, 1770944549161717269, 
3.8953752517700195, 3.231734037399292, 0.03349882763922626, 1770944549271496937, 
3.8947668075561523, 3.2317028045654297, 0.03320200762876644, 1770944549363594637, 
3.894857883453369, 3.231699228286743, 0.03298909495778406, 1770944549463782621, 
3.8948440551757812, 3.2317140102386475, 0.032836269679106585, 1770944549561022909, 
3.8948442935943604, 3.2317137718200684, 0.032838886984361264, 1770944549671736760, 
3.894874334335327, 3.2317261695861816, 0.03273184323734093, 1770944549763770137, 
3.89845871925354, 3.231691598892212, 0.03152615155513993, 1770944549863771524, 
3.9021880626678467, 3.2317066192626953, 0.032048297870502555, 1770944549961742688, 
3.9059741497039795, 3.23190975189209, 0.03311807249235304, 1770944550071009303, 
3.909148931503296, 3.2320215702056885, 0.033347639251832276, 1770944550163817279, 
3.9128823280334473, 3.231966972351074, 0.031087201302721832, 1770944550263744988, 
3.916207790374756, 3.2321178913116455, 0.03160528667036546, 1770944550361863590, 
3.91973614692688, 3.232285261154175, 0.032998838119317704, 1770944550472613769, 
3.922760009765625, 3.2320752143859863, 0.03358964001255791, 1770944550563788843, 
3.9261085987091064, 3.232175350189209, 0.03295116905677649, 1770944550662937275, 
3.9280736446380615, 3.2322728633880615, 0.032702970456777364, 1770944550761737059, 
3.931265354156494, 3.2321572303771973, 0.031719946457201095, 1770944550871568716, 
3.933886766433716, 3.232168674468994, 0.03144287891444018, 1770944550963148933, 
3.9370596408843994, 3.232285976409912, 0.032359824358158464, 1770944551063758865, 
3.9396982192993164, 3.232391834259033, 0.031065451082091137, 1770944551161821918, 
3.942976951599121, 3.232471227645874, 0.034364926723891624, 1770944551271473655, 
3.945917844772339, 3.2325122356414795, 0.034717777817722194, 1770944551363650469, 
3.949026346206665, 3.2328040599823, 0.03603336100656397, 1770944551463762243, 
3.951746702194214, 3.2329142093658447, 0.03907463544182175, 1770944551561273353, 
3.9549617767333984, 3.233051300048828, 0.04282090947330943, 1770944551671452953, 
3.958148956298828, 3.233203411102295, 0.045432560213599406, 1770944551763586942, 
3.960845470428467, 3.2331554889678955, 0.047139652890584104, 1770944551863833340, 
3.963350534439087, 3.2332816123962402, 0.04731415973811601, 1770944551961906118, 
3.9670588970184326, 3.233370780944824, 0.04412915585140742, 1770944552071491201, 
3.970003604888916, 3.2332940101623535, 0.04012180982849683, 1770944552163842610, 
3.97308611869812, 3.233398675918579, 0.03484250686135638, 1770944552262985145, 
3.976731300354004, 3.233511209487915, 0.03210355808955114, 1770944552361006552, 
3.9806156158447266, 3.2336502075195312, 0.028820761856003456, 1770944552471110217, 
3.9833178520202637, 3.2337188720703125, 0.02685548098234258, 1770944552563787123, 
3.9852678775787354, 3.2336180210113525, 0.03342057890002313, 1770944552663768438, 
3.9863507747650146, 3.233640670776367, 0.044636508248609555, 1770944552761192684, 
3.987987995147705, 3.233811378479004, 0.058986457830154784, 1770944552871145099, 
3.989370822906494, 3.2338502407073975, 0.0709352980835123, 1770944552962966396, 
3.9911460876464844, 3.2338905334472656, 0.08420403199824307, 1770944553063789508, 
3.9943149089813232, 3.234415292739868, 0.09225401866934763, 1770944553161903649, 
3.9965105056762695, 3.2345268726348877, 0.08861589185029324, 1770944553271375088, 
3.9973249435424805, 3.234637498855591, 0.07428595845828977, 1770944553363845587, 
3.9992613792419434, 3.2348642349243164, 0.06438653456119335, 1770944553463779587, 
4.000576972961426, 3.234785556793213, 0.05018154371330731, 1770944553561245951, 
4.001758575439453, 3.2348697185516357, 0.038985394959982385, 1770944553671797787, 
4.003732204437256, 3.23500394821167, 0.029899006806153205, 1770944553763653859, 
4.006807804107666, 3.234663248062134, 0.025227924382234673, 1770944553863861497, 
4.00822639465332, 3.2347397804260254, 0.0305401336702189, 1770944553961876663, 
4.010075092315674, 3.234841823577881, 0.045687134161697666, 1770944554071314727, 
4.0113301277160645, 3.23482346534729, 0.05656379812362929, 1770944554151830370, 
4.012906551361084, 3.2347829341888428, 0.07244958945747985, 1770944554262937352, 
4.014024257659912, 3.23502779006958, 0.0917503297484676, 1770944554361796088, 
4.0157647132873535, 3.235238790512085, 0.10225529021822304, 1770944554471906243, 
4.017118453979492, 3.23535418510437, 0.11206214695485249, 1770944554563300539, 
4.018380641937256, 3.2352283000946045, 0.10378167668049887, 1770944554663787943, 
4.019644737243652, 3.2354564666748047, 0.09208793932357953, 1770944554761879478, 
4.021121978759766, 3.235541820526123, 0.07746005810239268, 1770944554871793648, 
4.02230978012085, 3.235614538192749, 0.06514003193891801, 1770944554963490719, 
4.023557662963867, 3.2357819080352783, 0.05315159072717855, 1770944555063784357, 
4.023738861083984, 3.2358720302581787, 0.049178329916865306, 1770944555161115215, 
4.024021625518799, 3.2358858585357666, 0.049137304755504534, 1770944555271567147, 
4.0267486572265625, 3.2357378005981445, 0.04611679272321454, 1770944555363859295, 
4.028312683105469, 3.2358908653259277, 0.05086011982100538, 1770944555463855336, 
4.029542922973633, 3.2358875274658203, 0.06527441674441688, 1770944555561790660, 
4.031348705291748, 3.2359328269958496, 0.0756604096442579, 1770944555671530627, 
4.032648086547852, 3.236060619354248, 0.09010523999077243, 1770944555763600835, 
4.032065391540527, 3.2358734607696533, 0.11644002105557225, 1770944555863812638, 
4.029408931732178, 3.2352824211120605, 0.11561056253781618, 1770944555961079587, 
4.026791572570801, 3.2350118160247803, 0.09815137521371935, 1770944556071277675, 
4.026764392852783, 3.2351136207580566, 0.0880686155216463, 1770944556104536051, 
4.027210712432861, 3.2353506088256836, 0.06502401383258967, 1770944556213906214, 
4.027787685394287, 3.2353641986846924, 0.021329017395947603, 1770944556361028080, 
4.027796268463135, 3.2355611324310303, -0.007962624922439727, 1770944556470967279, 
4.0282416343688965, 3.235722064971924, -0.031489298560551576, 1770944556563912678, 
4.028762340545654, 3.235778570175171, -0.03329411092729316, 1770944556663816088, 
4.030000686645508, 3.2356302738189697, -0.02104106984859413, 1770944556761802403, 
4.03055477142334, 3.235325336456299, 0.01965890785505218, 1770944556871914588, 
4.031554222106934, 3.235100746154785, 0.048399355404688274, 1770944556963071253, 
4.032439231872559, 3.2347967624664307, 0.08003200216355354, 1770944557063034941, 
4.0330491065979, 3.234783411026001, 0.11160814855056479, 1770944557161330863, 
4.034219741821289, 3.2345738410949707, 0.14557155178626943, 1770944557271582277, 
4.034781455993652, 3.2344913482666016, 0.1328492421281288, 1770944557363137741, 
4.035147666931152, 3.2346527576446533, 0.10558893207124494, 1770944557463829127, 
4.035536289215088, 3.234879732131958, 0.07838248976244999, 1770944557561829028, 
4.035877704620361, 3.235057830810547, 0.0467004891474216, 1770944557671132978, 
4.036341667175293, 3.2354049682617188, 0.02104782547038247, 1770944557763643131, 
4.036513805389404, 3.235556125640869, 0.03745865226742005, 1770944557863877114, 
4.0368571281433105, 3.2352893352508545, 0.06768489700812155, 1770944557961140392, 
4.0373640060424805, 3.2350287437438965, 0.09957147300128853, 1770944558071191111, 
4.037806987762451, 3.234996795654297, 0.12147210457265678, 1770944558150959847, 
4.039341926574707, 3.2351324558258057, 0.14120626915152604, 1770944558262964119, 
4.043076038360596, 3.235377311706543, 0.13382007946328764, 1770944558361060963, 
